model,p,block_len,acf_info,fm_emp,fm_emp_lo,fm_emp_hi,selected,fm_sel,fm_sel_lo,fm_sel_hi,estimator_note,param_name,fm_param,fm_param_lo,fm_param_hi,param_bic,param_aic
Poly2_OLS,0.05,25,"{'thr': 0.007568075274386389, 'first_below_thr_lag': 25}",11.579863561282107,11.461879358340425,11.461879358340425,empirical,11.579863561282107,11.461879358340425,11.461879358340425,empirical quantile (BC bootstrap),gmm,10.979917439219433,,,439562.8692777677,439489.9611021818
Poly2_OLS,0.02,25,"{'thr': 0.007568075274386389, 'first_below_thr_lag': 25}",17.61762268342186,17.350222874262442,17.350222874262442,gmm-tail,19.111592268157814,17.350222874262442,17.350222874262442,gmm tail (BIC-min),gmm,19.111592268157814,,,439562.8692777677,439489.9611021818
Poly2_OLS,0.01,25,"{'thr': 0.007568075274386389, 'first_below_thr_lag': 25}",23.535319665813667,23.643960909214993,23.643960909214993,gmm-tail,25.177540155399406,23.643960909214993,23.643960909214993,gmm tail (BIC-min),gmm,25.177540155399406,,,439562.8692777677,439489.9611021818
MLR_linear,0.05,25,"{'thr': 0.007568075274386389, 'first_below_thr_lag': 25}",12.915582267661323,12.8522306845761,12.8522306845761,empirical,12.915582267661323,12.8522306845761,12.8522306845761,empirical quantile (BC bootstrap),gmm,12.812892668075133,,,460935.7477691135,460862.8395935276
MLR_linear,0.02,25,"{'thr': 0.007568075274386389, 'first_below_thr_lag': 25}",19.246778153843064,18.912740435412758,18.912740435412758,gmm-tail,21.692338191107112,18.912740435412758,18.912740435412758,gmm tail (BIC-min),gmm,21.692338191107112,,,460935.7477691135,460862.8395935276
MLR_linear,0.01,25,"{'thr': 0.007568075274386389, 'first_below_thr_lag': 25}",28.03866918662123,28.63026656030017,28.63026656030017,empirical,28.03866918662123,28.63026656030017,28.63026656030017,empirical quantile (BC bootstrap),gmm,27.792094382352047,,,460935.7477691135,460862.8395935276
