model,p_target,FM_used,FM_lo,FM_hi,achieved_outage,achieved_PDR,estimator
Poly2_OLS,0.05,11.579863561282107,11.461879358340425,11.461879358340425,0.047650286259541985,0.952349713740458,empirical
Poly2_OLS,0.02,19.111592268157814,17.350222874262442,17.350222874262442,0.015625,0.984375,gmm-tail
Poly2_OLS,0.01,25.177540155399406,23.643960909214993,23.643960909214993,0.007931774809160306,0.9920682251908397,gmm-tail
Poly2_OLS,,10.0,,,0.0648854961832061,0.9351145038167938,Heuristic (10.0 dB)
MLR_linear,0.05,12.915582267661323,12.8522306845761,12.8522306845761,0.04848520992366412,0.9515147900763359,empirical
MLR_linear,0.02,21.692338191107112,18.912740435412758,18.912740435412758,0.015088263358778626,0.9849117366412213,gmm-tail
MLR_linear,0.01,28.03866918662123,28.63026656030017,28.63026656030017,0.00984017175572519,0.9901598282442748,empirical
MLR_linear,,10.0,,,0.08402910305343511,0.9159708969465649,Heuristic (10.0 dB)
