model,RMSE_train_mean,RMSE_train_std,RMSE_val_mean,RMSE_val_std,R2_train_mean,R2_train_std,R2_val_mean,R2_val_std
Poly2_OLS,7.095441734274198,0.02259049281151043,7.106379168017904,0.09098180656292691,0.8590831000272665,0.0009665413409504579,0.8586147776715748,0.003908013936691341
Ridge_poly2,7.154836160330366,0.02394339103737362,7.163804075142764,0.10141071219815716,0.8567138866199823,0.0010285886401250083,0.8563144632627253,0.004360096173417652
ElasticNet_poly2,7.1784273837912425,0.02084423125265123,7.186394086393468,0.10450095610751296,0.8557679616336792,0.0008962239433104051,0.8554049583880035,0.004500180424354524
Lasso_poly2,7.196738236647144,0.023879522733611856,7.202175451871058,0.09938003333426434,0.8550307239268126,0.0010292709009919678,0.8547726300948388,0.004309148650925686
BLR_linear,8.11463167143257,0.02180281349607345,8.116619262149124,0.08755464772498436,0.815693473762838,0.0011074255020150686,0.815566825693893,0.004449168416374467
MLR_linear,8.114631671432567,0.021802813496073572,8.116619262149204,0.08755464772404153,0.815693473762838,0.0011074255020150686,0.81556682569389,0.004449168416323753
Lasso_linear,8.119188698173692,0.021902763838486675,8.121047734609336,0.08696527897641806,0.8154863967851108,0.0011122469769998798,0.8153658620083515,0.004425149759330254
Ridge_linear,8.12077150191884,0.02175336806760962,8.122702061270681,0.08444967586410064,0.8154144718990459,0.001106099236706608,0.8152920736396322,0.0043178046185661624
ElasticNet_linear,8.125771396513604,0.02176858658146154,8.127627893330317,0.0837897792476482,0.8151871057889609,0.0011075822327412958,0.8150683675825567,0.004291986845184482
