model,RMSE_train_mean,RMSE_train_std,RMSE_val_mean,RMSE_val_std,R2_train_mean,R2_train_std,R2_val_mean,R2_val_std
Poly2_OLS,6.991772730282508,0.024207346444959716,7.008468420954952,0.09838227253735005,0.8664083703860049,0.0007816236151219876,0.865758953708266,0.003166382621701944
Lasso_poly2,7.038789786196084,0.02434572507759972,7.051643653079594,0.098677069309079,0.8646056523840541,0.0007863612777765113,0.8640994443042433,0.0032166172718108123
Ridge_poly2,7.041912213556712,0.024652999706569423,7.053656164764658,0.10105888674823992,0.8644854530325997,0.0008023056843428336,0.864020824613695,0.00331763811429999
ElasticNet_poly2,7.042653703041215,0.02440477672298996,7.054280591015501,0.09964922273915652,0.8644569468834753,0.0007910360674903536,0.8639974032795852,0.003257608080182833
BLR_linear,8.203852164327198,0.016890494195542328,8.204889640726845,0.06813657250785767,0.8160754652085153,0.0007332283690486383,0.8160177547454381,0.002953902322728901
MLR_linear,8.203852164327198,0.016890494195542272,8.20488964072691,0.06813657250527494,0.8160754652085153,0.000733228369048622,0.8160177547454353,0.0029539023226694047
Lasso_linear,8.204549510091285,0.016997022395990467,8.20549825646555,0.06806565644425087,0.8160441755879455,0.0007408640513409049,0.8159903604316637,0.002958691094330906
Ridge_linear,8.209306320140138,0.017995829460328478,8.210336588520104,0.06624502269995947,0.815830719692763,0.0007857846296902485,0.81577369844819,0.0028950907045216787
ElasticNet_linear,8.214318665721777,0.01683369181997339,8.215288897042283,0.06716712426643154,0.8156058653999363,0.000732616811665623,0.8155508810364779,0.002950067759128714
